<?xml version="1.0" encoding="UTF-8"?>
<Configuration>
    <Properties>
        <Property name="log-path">/usr/sb/logs/member-premium-api/</Property>
        <Property name="archive">${log-path}/archive</Property>
    </Properties>
    <Appenders>
        <Console name="Console-Appender" target="SYSTEM_OUT">
            <PatternLayout>
                <pattern>
                    %d{yyyy-MM-dd HH:mm:ss.SSS} %5p ${hostName} - [%15.15t] (%X{GUID} %X{USERID}) %-50.50c{1.} : %m%n%ex
                </pattern>>
            </PatternLayout>
        </Console>
        <RollingFile name="RollingFile-Appender"
                     fileName="${log-path}member-premium-api.log"
                     filePattern="${archive}/member-premium-api.log.%d{yyyy-MM-dd}.%i.gz">
            <PatternLayout pattern="%d{yyyy-MM-dd HH:mm:ss.SSS} %5p ${hostName} - [%15.15t] (%X{GUID} %X{USERID}) %-50.50c{1.} : %m%n%ex"/>
            <Policies>
                 <TimeBasedTriggeringPolicy/>
                 <SizeBasedTriggeringPolicy size="20 MB"/>
            </Policies>
            <DefaultRolloverStrategy max="30"/>
        </RollingFile>
    </Appenders>
    <Loggers>
   		<Logger name="com.carefirst" level="info"/>
        <Root level="info">
            <AppenderRef ref="Console-Appender"/>
            <AppenderRef ref="RollingFile-Appender"/>
        </Root>
    </Loggers>
</Configuration>